source,target
EGFR,STUB1
EGFR,HSPA9
EGFR,ESR2
EGFR,HSPA8
EGFR,NTRK1
EGFR,PTPRR
EGFR,NPM1
EGFR,EGFR
EGFR,VAPA
EGFR,KIAA1429
EGFR,LAMP1
EGFR,HNRNPL
EGFR,SNX1
EGFR,PRKCZ
EGFR,STOM
EGFR,MGST1
EGFR,VAMP8
EGFR,RAB5C
EGFR,MYC
EGFR,GAK
GADD45A,GADD45A
GADD45A,NPM1
GADD45A,MYC
FGFR1,MANSC1
FGFR1,FGFR1
FGFR1,KIAA1429
SNW1,SNW1
PRKCZ,PRKCZ
PRKCZ,STUB1
PRKCZ,RAP1B
RAP1B,SNAP29
RAP1B,TMEM30A
RAP1B,STOM
RAP1B,SURF4
RAP1B,VAMP8
RAP1B,SYNGR1
RAP1B,TMEM179B
RAP1B,VNN1
RAP1B,TOM1
RAP1B,SLCO4C1
RAP1B,VAPA
NTRK1,RAB5C
NTRK1,PTPRR
NTRK1,VAPA
NTRK1,NTRK1
NTRK1,VPS35
NTRK1,SNW1
NTRK1,TBCE
NTRK1,SNX1
NTRK1,TOM1
NTRK1,PRKCZ
AP1G1,DCPS
AP1G1,EGFR
AP1G1,MYC
AP1G1,DNAJC13
AP1G1,ESR2
AP1G1,NTRK1
AP1G1,VAMP8
AP1G1,GAK
AP1G1,DNAJC6
AP1G1,RAB5C
AP1G1,HSPA8
RNF4,SURF4
RNF4,SCAMP1
RNF4,TMEM30A
RNF4,RNF4
RNF4,VAPA
RNF4,VPS35
RNF4,STOM
RNF4,STUB1
HNRNPL,SNAP29
HNRNPL,NTRK1
HNRNPL,HNRNPL
HNRNPL,MYC
HNRNPL,PTPRR
HNRNPL,TOM1
HNRNPL,RNF4
HNRNPL,HSPA9
HNRNPL,HSPBP1
HNRNPL,PRKCZ
HNRNPL,HSPA8
HNRNPL,SNW1
ESR2,HSPA8
ESR2,ESR2
ESR2,STOM
ESR2,NOP9
ESR2,SNW1
ESR2,RAB5C
ESR2,MAGT1
ESR2,LPCAT1
ESR2,MGST1
ESR2,GAA
ESR2,TOM1
ESR2,OCLN
ESR2,HDAC2
ESR2,RAP1B
ESR2,IRF2BP1
ESR2,NPM1
ESR2,VAPA
ESR2,KIAA1429
ESR2,LAMTOR1
ESR2,GAK
HSPA8,LAMP2
HSPA8,HSPBP1
HSPA8,NTRK1
HSPA8,HSPA8
HSPA8,RNF4
HSPA8,SNW1
HSPA8,STUB1
HSPA8,TBCE
HSPA8,HSPA9
HSPA8,MYC
HSPA8,LGALS3BP
HSPA8,KIAA1429
HSPA8,VAMP8
HSPA8,RAB5C
SCAMP1,SCAMP1
SCAMP1,TMEM30A
SCAMP1,VAMP8
SCAMP1,STOM
SCAMP1,SLCO4C1
SCAMP1,TOM1
GSK3B,LPCAT1
GSK3B,GSK3B
GSK3B,PRKCZ
GSK3B,PSEN1
GSK3B,MYC
TOM1,VAMP8
TOM1,VAPA
TOM1,VNN1
HDAC2,HDAC2
HDAC2,LAMP1
HDAC2,MYC
HDAC2,NTRK1
HDAC2,HSPA8
HDAC2,NPM1
HDAC2,KIAA1429
HDAC2,SNW1
CUL3,CUL3
CUL3,HSPA8
CUL3,NTRK1
CUL3,SNW1
CUL3,NPM1
CUL3,HSPA9
CUL3,DNAJB11
CUL3,KLHL2
CUL3,HNRNPL
CUL3,LGALS3BP
CUL3,DNAJC13
CUL3,ESR2
CUL3,STUB1
CUL3,RNF4
BSCL2,HNRNPL
BSCL2,DNAJC13
HSPBP1,STUB1
HSPBP1,LRIF1
HSPBP1,NTRK1
KLHL2,KLHL2
KLHL2,STUB1
KLHL2,RNF4
SNAP29,SNAP29
SNAP29,VNN1
SNAP29,STOM
SNAP29,SURF4
SNAP29,TMEM30A
SNAP29,TOM1
SNAP29,VAMP8
SNAP29,SYNGR1
SNAP29,TMEM179B
SNAP29,VAPA
MLF1,TBCE
MLF1,NMT1
RAB37,SNAP29
RAB37,RAB3D
RAB37,TMEM30A
RAB37,RAP1B
RAB37,VAMP8
RAB37,STOM
RAB37,SLCO4C1
RAB37,SYNGR1
RAB37,TMEM179B
RAB37,VAPA
RAB37,VNN1
RAB37,SURF4
RAB37,SCAMP1
RAB37,RAB44
RAB37,RAB5C
RAB37,TOM1
GAK,HSPA8
GAK,HSPBP1
GAK,LGR4
GAK,NTRK1
GAK,VAMP8
GAK,HSPA9
GAK,VPS35
GAK,RAB5C
LRIF1,LRIF1
LRIF1,MYC
LRIF1,RAP1B
ACP1,ACP1
ACP1,DNAJC13
ACP1,MYC
ACP1,EGFR
MYC,STUB1
MYC,PIP4K2A
MYC,RNF4
MYC,VPS35
MYC,NTRK1
MYC,SNW1
MYC,NPM1
MYC,MYC
NPM1,PRKCZ
NPM1,NPM1
NPM1,RNF4
NPM1,NTRK1
NPM1,SURF4
BRAF,CPNE3
BRAF,HSPA8
BRAF,DNAJB11
BRAF,BRAF
BRAF,KIAA1429
BRAF,CYLD
BRAF,DNAJC13
BRAF,HDAC2
BRAF,HSPA9
BRAF,RAP1B
BRAF,EGFR
BRAF,NTRK1
DDOST,ESR2
DDOST,MAGT1
DDOST,FGFR1
DDOST,NTRK1
DDOST,LAMP1
DDOST,KIAA1429
DDOST,MGST1
DDOST,RNF4
DDOST,MYC
DDOST,SNAP29
DDOST,RAB3D
DDOST,MANBA
DDOST,TMEM30A
DDOST,RAP1B
DDOST,DNAJC13
DDOST,VAMP8
DDOST,GLIPR1
DDOST,LAMTOR1
DDOST,NDUFC2
DDOST,LPCAT1
DDOST,STOM
DDOST,NCSTN
DDOST,GAA
DDOST,SLCO4C1
DDOST,PSEN1
DDOST,SYNGR1
DDOST,NFAM1
DDOST,TMEM179B
DDOST,VAPA
DDOST,LRMP
DDOST,PIGR
DDOST,DNAJC5
DDOST,VNN1
DDOST,SURF4
DDOST,RAB37
DDOST,PRCP
DDOST,PSAP
DDOST,RAB44
DDOST,RAB5C
DDOST,TOM1
DDOST,FPR1
DDOST,LAMP2
SURF4,VAPA
SURF4,TMEM30A
SURF4,VAMP8
SURF4,SYNGR1
SURF4,TMEM179B
SURF4,VNN1
SURF4,TOM1
RAB5C,RNF4
RAB5C,VAPA
RAB5C,RAP1B
RAB5C,SNAP29
RAB5C,TMEM30A
RAB5C,VAMP8
RAB5C,STOM
RAB5C,SLCO4C1
RAB5C,SYNGR1
RAB5C,TMEM179B
RAB5C,VNN1
RAB5C,SURF4
RAB5C,TOM1
STOM,STOM
STOM,VAPA
STOM,SURF4
STOM,TMEM30A
STOM,VAMP8
STOM,SYNGR1
STOM,TMEM179B
STOM,VNN1
STOM,TOM1
DNAJB11,DNAJC13
DNAJB11,MYC
DNAJB11,KIAA1429
DNAJB11,HSPA8
DNAJB11,EGFR
DNAJB11,LAMP1
DNAJB11,NTRK1
DNAJB11,HSPA9
VPS35,VPS35
LGALS3BP,NTRK1
LGALS3BP,LGALS3BP
LGALS3BP,SURF4
LGALS3BP,VAPA
PIGR,SNAP29
PIGR,RAB3D
PIGR,TMEM30A
PIGR,RAP1B
PIGR,VAMP8
PIGR,STOM
PIGR,SLCO4C1
PIGR,PSEN1
PIGR,SYNGR1
PIGR,TMEM179B
PIGR,VAPA
PIGR,PRCP
PIGR,VNN1
PIGR,SURF4
PIGR,RAB44
PIGR,RAB5C
PIGR,TOM1
PIGR,PSAP
PIGR,RAB37
CALM1,DNAJC13
CALM1,MYC
CALM1,EGFR
CALM1,CUL3
CALM1,CYLD
CALM1,GAK
CALM1,ESR2
CALM1,STOM
PSEN1,PSEN1
PSEN1,TMEM30A
PSEN1,SNAP29
PSEN1,RAB3D
PSEN1,RAP1B
PSEN1,VAMP8
PSEN1,STOM
PSEN1,SLCO4C1
PSEN1,SURF4
PSEN1,RAB44
PSEN1,RAB5C
PSEN1,SYNGR1
PSEN1,RAB37
PSEN1,TMEM179B
PSEN1,VNN1
PSEN1,TOM1
PSEN1,VAPA
LIPG,LIPG
NCSTN,PSEN1
NCSTN,RNF4
NCSTN,NTRK1
NCSTN,SURF4
NCSTN,SNAP29
NCSTN,RAB3D
NCSTN,TMEM30A
NCSTN,RAP1B
NCSTN,VAMP8
NCSTN,NDUFC2
NCSTN,STOM
NCSTN,NFAM1
NCSTN,PRCP
NCSTN,VNN1
NCSTN,RAB44
NCSTN,RAB5C
NCSTN,PIGR
NCSTN,TOM1
NCSTN,SYNGR1
NCSTN,PSAP
NCSTN,SLCO4C1
NCSTN,RAB37
NCSTN,TMEM179B
NCSTN,VAPA
BAG4,DNAJC13
BAG4,STUB1
BAG4,CUL3
BAG4,HSPA8
BAG4,NMT1
BAG4,HSPA9
BAG4,FGFR1
OCLN,OCLN
OCLN,RNF4
OCLN,SNW1
CLK1,RNF4
CLK1,NPM1
CLK1,DNAJC13
CLK1,HSPBP1
CLK1,CLK1
CLK1,CUL3
VAMP8,VNN1
VAMP8,VAPA
DNAJC6,KIAA1429
DNAJC6,VAMP8
DNAJC6,EGFR
DNAJC6,HSPA9
DNAJC6,VPS35
DNAJC6,GAK
DNAJC6,RAB5C
DNAJC6,HSPA8
ATP6V1B1,LAMTOR1
ATP6V1B1,LAMP1
ATP6V1B1,LAMP2
ATP6V1B1,VAMP8
ATP6V1B1,DNAJC13
ATP6V1B1,STOM
ATP6V1B1,NCSTN
ATP6V1B1,DNAJC5
ATP6V1B1,CD63
HSPA9,STUB1
HSPA9,HSPBP1
HSPA9,MYC
HSPA9,RNF4
HSPA9,NTRK1
HSPA9,PRKCZ
HSPA9,KIAA1429
CPNE1,NTRK1
CPNE1,SNAP29
CPNE1,RAB3D
CPNE1,MANBA
CPNE1,TMEM30A
CPNE1,RAP1B
CPNE1,DNAJC13
CPNE1,VAMP8
CPNE1,GLIPR1
CPNE1,LAMTOR1
CPNE1,NDUFC2
CPNE1,LPCAT1
CPNE1,STOM
CPNE1,NCSTN
CPNE1,GAA
CPNE1,SLCO4C1
CPNE1,DDOST
CPNE1,MAGT1
CPNE1,PSEN1
CPNE1,NFAM1
CPNE1,PRCP
CPNE1,VNN1
CPNE1,SURF4
CPNE1,RAB44
CPNE1,RAB5C
CPNE1,PIGR
CPNE1,TOM1
CPNE1,DNAJC5
CPNE1,SYNGR1
CPNE1,FPR1
CPNE1,LRMP
CPNE1,PSAP
CPNE1,LAMP1
CPNE1,RAB37
CPNE1,TMEM179B
CPNE1,MGST1
CPNE1,CPNE3
CPNE1,LAMP2
CPNE1,VAPA
LAMTOR1,MGST1
LAMTOR1,MB21D1
LAMTOR1,SNAP29
LAMTOR1,RAB3D
LAMTOR1,MANBA
LAMTOR1,TMEM30A
LAMTOR1,RAP1B
LAMTOR1,VAMP8
LAMTOR1,MAGT1
LAMTOR1,RAB44
LAMTOR1,PSEN1
LAMTOR1,RAB5C
LAMTOR1,LPCAT1
LAMTOR1,SCAMP1
LAMTOR1,PIGR
LAMTOR1,NFAM1
LAMTOR1,PRCP
LAMTOR1,VNN1
LAMTOR1,TOM1
LAMTOR1,STOM
LAMTOR1,SYNGR1
LAMTOR1,NCSTN
LAMTOR1,NDUFC2
LAMTOR1,LRMP
LAMTOR1,PSAP
LAMTOR1,SLCO4C1
LAMTOR1,RAB37
LAMTOR1,TMEM179B
LAMTOR1,SURF4
LAMTOR1,VAPA
CKAP4,RNF4
CKAP4,CKAP4
CKAP4,ESR2
CKAP4,RAB5C
CKAP4,EGFR
CKAP4,VAPA
CKAP4,PRKCZ
CKAP4,MYC
CKAP4,KIAA1429
CKAP4,LAMP1
CKAP4,HDAC2
CKAP4,CUL3
CKAP4,NTRK1
CKAP4,CMTM6
CKAP4,SNAP29
CKAP4,RAB3D
CKAP4,MANBA
CKAP4,TMEM30A
CKAP4,RAP1B
CKAP4,DNAJC13
CKAP4,VAMP8
CKAP4,GLIPR1
CKAP4,LAMTOR1
CKAP4,NDUFC2
CKAP4,LPCAT1
CKAP4,STOM
CKAP4,NCSTN
CKAP4,GAA
CKAP4,SLCO4C1
CKAP4,CPNE1
CKAP4,PSEN1
CKAP4,SYNGR1
CKAP4,NFAM1
CKAP4,TMEM179B
CKAP4,LRMP
CKAP4,PIGR
CKAP4,DNAJC5
CKAP4,MAGT1
CKAP4,VNN1
CKAP4,SURF4
CKAP4,DDOST
CKAP4,RAB44
CKAP4,SCAMP1
CKAP4,PRCP
CKAP4,TOM1
CKAP4,FPR1
CKAP4,PSAP
CKAP4,RAB37
CKAP4,MGST1
CKAP4,CPNE3
CKAP4,LAMP2
VPS29,VPS35
PSAP,VPS29
PSAP,SURF4
PSAP,VPS35
PSAP,PSAP
PSAP,SNAP29
PSAP,RAB3D
PSAP,TMEM30A
PSAP,RAP1B
PSAP,VAMP8
PSAP,STOM
PSAP,SLCO4C1
PSAP,PSEN1
PSAP,SYNGR1
PSAP,TMEM179B
PSAP,VAPA
PSAP,VNN1
PSAP,RAB37
PSAP,RAB44
PSAP,RAB5C
PSAP,TOM1
CPNE3,SNW1
CPNE3,MYC
CPNE3,NTRK1
CPNE3,ESR2
CPNE3,HSPA9
CPNE3,SNAP29
CPNE3,RAB3D
CPNE3,MANBA
CPNE3,TMEM30A
CPNE3,RAP1B
CPNE3,DNAJC13
CPNE3,VAMP8
CPNE3,GLIPR1
CPNE3,LAMTOR1
CPNE3,NDUFC2
CPNE3,LPCAT1
CPNE3,STOM
CPNE3,NCSTN
CPNE3,GAA
CPNE3,SLCO4C1
CPNE3,PSEN1
CPNE3,SYNGR1
CPNE3,LAMP1
CPNE3,NFAM1
CPNE3,TMEM179B
CPNE3,VAPA
CPNE3,LRMP
CPNE3,PIGR
CPNE3,DNAJC5
CPNE3,MAGT1
CPNE3,VNN1
CPNE3,SURF4
CPNE3,RAB37
CPNE3,PRCP
CPNE3,PSAP
CPNE3,MGST1
CPNE3,DDOST
CPNE3,LAMP2
CPNE3,TOM1
CPNE3,RAB5C
CPNE3,FPR1
CPNE3,RAB44
ATP6V0C,MGST1
ATP6V0C,CEACAM6
ATP6V0C,CMTM6
ATP6V0C,SNAP29
ATP6V0C,RAB3D
ATP6V0C,MANBA
ATP6V0C,TMEM30A
ATP6V0C,ATP6V1B1
ATP6V0C,CEACAM8
ATP6V0C,CD68
ATP6V0C,RAP1B
ATP6V0C,BST2
ATP6V0C,DNAJC13
ATP6V0C,VAMP8
ATP6V0C,GLIPR1
ATP6V0C,ATP6V1A
ATP6V0C,LAMTOR1
ATP6V0C,NDUFC2
ATP6V0C,LPCAT1
ATP6V0C,STOM
ATP6V0C,NCSTN
ATP6V0C,BRI3
ATP6V0C,C3AR1
ATP6V0C,GAA
ATP6V0C,SLCO4C1
ATP6V0C,CPNE1
ATP6V0C,PSEN1
ATP6V0C,CD63
ATP6V0C,NFAM1
ATP6V0C,SURF4
ATP6V0C,RAB44
ATP6V0C,RAB5C
ATP6V0C,PIGR
ATP6V0C,B4GALT1
ATP6V0C,CKAP4
ATP6V0C,SYNGR1
ATP6V0C,FPR1
ATP6V0C,LRMP
ATP6V0C,RAB37
ATP6V0C,TMEM179B
ATP6V0C,CPNE3
ATP6V0C,LAMP2
ATP6V0C,DDOST
ATP6V0C,MAGT1
ATP6V0C,ATP8A1
ATP6V0C,PRCP
ATP6V0C,VNN1
ATP6V0C,TOM1
ATP6V0C,DNAJC5
ATP6V0C,PSAP
ATP6V0C,LAMP1
ATP6V0C,VAPA
STUB1,STUB1
CEACAM8,CMTM6
CEACAM8,SNAP29
CEACAM8,RAB3D
CEACAM8,MANBA
CEACAM8,TMEM30A
CEACAM8,CPNE1
CEACAM8,DDOST
CEACAM8,MAGT1
CEACAM8,RAB44
CEACAM8,LAMTOR1
CEACAM8,DNAJC13
CEACAM8,PSEN1
CEACAM8,RAB5C
CEACAM8,LPCAT1
CEACAM8,SCAMP1
CEACAM8,PIGR
CEACAM8,NFAM1
CEACAM8,GLIPR1
CEACAM8,PRCP
CEACAM8,VNN1
CEACAM8,TOM1
CEACAM8,GAA
CEACAM8,VAMP8
CEACAM8,STOM
CEACAM8,DNAJC5
CEACAM8,CKAP4
CEACAM8,SYNGR1
CEACAM8,FPR1
CEACAM8,NCSTN
CEACAM8,NDUFC2
CEACAM8,LRMP
CEACAM8,PSAP
CEACAM8,LAMP1
CEACAM8,SLCO4C1
CEACAM8,RAB37
CEACAM8,TMEM179B
CEACAM8,RAP1B
CEACAM8,MGST1
CEACAM8,CPNE3
CEACAM8,SURF4
CEACAM8,LAMP2
CEACAM8,VAPA
CD63,CEACAM6
CD63,CMTM6
CD63,SNAP29
CD63,RAB3D
CD63,MANBA
CD63,TMEM30A
CD63,CEACAM8
CD63,CD68
CD63,RAP1B
CD63,DNAJC13
CD63,VAMP8
CD63,GLIPR1
CD63,LAMTOR1
CD63,NDUFC2
CD63,LPCAT1
CD63,STOM
CD63,NCSTN
CD63,GAA
CD63,SLCO4C1
CD63,CPNE1
CD63,PSEN1
CD63,SYNGR1
CD63,LAMP1
CD63,NFAM1
CD63,TMEM179B
CD63,VAPA
CD63,LRMP
CD63,PIGR
CD63,DNAJC5
CD63,MAGT1
CD63,VNN1
CD63,SURF4
CD63,CKAP4
CD63,RAB37
CD63,PRCP
CD63,PSAP
CD63,MGST1
CD63,DDOST
CD63,LAMP2
CD63,TOM1
CD63,RAB5C
CD63,RAB44
CD63,FPR1
CD63,CPNE3
SNX1,SNX1
SNX1,VPS29
SNX1,VPS35
PTPRR,PTPRR
PTPRR,STUB1
VAPA,VNN1
NMT1,TBCE
NMT1,NTRK1
ACPP,DNAJB11
ACPP,DDOST
ACPP,ACPP
ACPP,ESR2
ACPP,HNRNPL
ACPP,CEACAM6
ACPP,CMTM6
ACPP,SNAP29
ACPP,RAB3D
ACPP,MANBA
ACPP,TMEM30A
ACPP,CEACAM8
ACPP,CD68
ACPP,RAP1B
ACPP,BST2
ACPP,DNAJC13
ACPP,VAMP8
ACPP,GLIPR1
ACPP,ARL8A
ACPP,LAMTOR1
ACPP,NDUFC2
ACPP,LPCAT1
ACPP,STOM
ACPP,NCSTN
ACPP,BRI3
ACPP,C3AR1
ACPP,GAA
ACPP,SLCO4C1
ACPP,CPNE1
ACPP,ATP11B
ACPP,MAGT1
ACPP,PSEN1
ACPP,CD63
ACPP,ATP8A1
ACPP,NFAM1
ACPP,PRCP
ACPP,VNN1
ACPP,SURF4
ACPP,RAB44
ACPP,RAB5C
ACPP,PIGR
ACPP,B4GALT1
ACPP,TOM1
ACPP,DNAJC5
ACPP,CKAP4
ACPP,SYNGR1
ACPP,FPR1
ACPP,LRMP
ACPP,ATP6V0C
ACPP,PSAP
ACPP,LAMP1
ACPP,RAB37
ACPP,TMEM179B
ACPP,MGST1
ACPP,CPNE3
ACPP,LAMP2
ACPP,VAPA
B4GALT1,EGFR
B4GALT1,B4GALT1
B4GALT1,GAA
B4GALT1,RNF4
B4GALT1,RAB5C
B4GALT1,SLC39A9
B4GALT1,HNRNPL
B4GALT1,CEACAM6
B4GALT1,CMTM6
B4GALT1,SNAP29
B4GALT1,RAB3D
B4GALT1,MANBA
B4GALT1,TMEM30A
B4GALT1,CEACAM8
B4GALT1,CD68
B4GALT1,RAP1B
B4GALT1,BST2
B4GALT1,DNAJC13
B4GALT1,OGN
B4GALT1,VAMP8
B4GALT1,GLIPR1
B4GALT1,LAMTOR1
B4GALT1,NDUFC2
B4GALT1,LPCAT1
B4GALT1,STOM
B4GALT1,NCSTN
B4GALT1,BRI3
B4GALT1,C3AR1
B4GALT1,SLCO4C1
B4GALT1,CPNE1
B4GALT1,PSEN1
B4GALT1,SYNGR1
B4GALT1,LAMP1
B4GALT1,NFAM1
B4GALT1,TMEM179B
B4GALT1,VAPA
B4GALT1,LRMP
B4GALT1,PIGR
B4GALT1,DNAJC5
B4GALT1,MAGT1
B4GALT1,VNN1
B4GALT1,SURF4
B4GALT1,CKAP4
B4GALT1,DDOST
B4GALT1,CD63
B4GALT1,PRCP
B4GALT1,RAB44
B4GALT1,TOM1
B4GALT1,FPR1
B4GALT1,PSAP
B4GALT1,RAB37
B4GALT1,MGST1
B4GALT1,CPNE3
B4GALT1,LAMP2
DNAJC5,STUB1
DNAJC5,SCAMP1
DNAJC5,SNAP29
DNAJC5,RAB3D
DNAJC5,MANBA
DNAJC5,TMEM30A
DNAJC5,RAP1B
DNAJC5,VAMP8
DNAJC5,GLIPR1
DNAJC5,LAMTOR1
DNAJC5,NDUFC2
DNAJC5,LPCAT1
DNAJC5,STOM
DNAJC5,NCSTN
DNAJC5,HSPA9
DNAJC5,GAA
DNAJC5,SLCO4C1
DNAJC5,PSEN1
DNAJC5,SYNGR1
DNAJC5,LAMP1
DNAJC5,NFAM1
DNAJC5,TMEM179B
DNAJC5,VAPA
DNAJC5,LRMP
DNAJC5,PIGR
DNAJC5,SURF4
DNAJC5,RAB44
DNAJC5,RAB5C
DNAJC5,FPR1
DNAJC5,RAB37
DNAJC5,MGST1
DNAJC5,LAMP2
DNAJC5,MAGT1
DNAJC5,PRCP
DNAJC5,VNN1
DNAJC5,HSPA8
DNAJC5,TOM1
DNAJC5,PSAP
IRF2BP1,NTRK1
IRF2BP1,NMT1
IRF2BP1,MLF1
IRF2BP1,TBCE
IRF2BP1,IRF2BP1
CYLD,DNAJB11
CYLD,CYLD
CYLD,KIAA1429
CYLD,DNAJC13
CYLD,HSPA9
CYLD,RAB3D
CYLD,HNRNPL
CYLD,NPM1
CYLD,HSPA8
CYLD,STUB1
CYLD,EGFR
LAMP1,LAMP2
LAMP1,RNF4
LAMP1,SNAP29
LAMP1,SNX1
LAMP1,LAMP1
LAMP1,VAPA
LAMP1,VPS35
LAMP1,OCLN
LAMP1,SCAMP1
LAMP1,RAB3D
LAMP1,MANBA
LAMP1,TMEM30A
LAMP1,RAP1B
LAMP1,VAMP8
LAMP1,LAMTOR1
LAMP1,NDUFC2
LAMP1,LPCAT1
LAMP1,STOM
LAMP1,NCSTN
LAMP1,SLCO4C1
LAMP1,PSEN1
LAMP1,SYNGR1
LAMP1,NFAM1
LAMP1,SURF4
LAMP1,RAB44
LAMP1,RAB5C
LAMP1,PIGR
LAMP1,LRMP
LAMP1,RAB37
LAMP1,TMEM179B
LAMP1,MGST1
LAMP1,MAGT1
LAMP1,PRCP
LAMP1,VNN1
LAMP1,TOM1
LAMP1,PSAP
PRMT7,PRMT7
BAG5,EGFR
BAG5,STUB1
BAG5,HSPA8
BAG5,CUL3
BAG5,GAK
BAG5,DNAJC13
BAG5,HSPA9
LRMP,SNAP29
LRMP,RAB3D
LRMP,MANBA
LRMP,TMEM30A
LRMP,RAP1B
LRMP,VAMP8
LRMP,NDUFC2
LRMP,STOM
LRMP,NCSTN
LRMP,SLCO4C1
LRMP,PSEN1
LRMP,SYNGR1
LRMP,NFAM1
LRMP,TMEM179B
LRMP,VAPA
LRMP,MAGT1
LRMP,RAB44
LRMP,RAB5C
LRMP,PIGR
LRMP,PRCP
LRMP,VNN1
LRMP,TOM1
LRMP,PSAP
LRMP,RAB37
LRMP,MGST1
LRMP,SURF4
DNAJC13,SERPINB2
DNAJC13,NOP9
DNAJC13,TBCE
DNAJC13,RNF4
DNAJC13,LRIF1
DNAJC13,PIP4K2A
DNAJC13,HSPBP1
DNAJC13,HDAC2
DNAJC13,OCLN
DNAJC13,JPH4
DNAJC13,HNRNPL
DNAJC13,KLHL2
DNAJC13,HSPA9
DNAJC13,SNW1
DNAJC13,LGALS3BP
DNAJC13,ESR2
DNAJC13,HSPA8
DNAJC13,RPS6KA6
DNAJC13,NTRK1
DNAJC13,MB21D1
DNAJC13,FCN1
DNAJC13,FGFR1
DNAJC13,OGN
DNAJC13,PRMT7
DNAJC13,IRF2BP1
DNAJC13,MANSC1
DNAJC13,PTPRR
DNAJC13,MUSK
DNAJC13,MYC
DNAJC13,STUB1
DNAJC13,GSK3B
DNAJC13,PRKCZ
DNAJC13,NPM1
DNAJC13,LGR4
DNAJC13,KIAA1429
DNAJC13,EGFR
DNAJC13,NMT1
DNAJC13,LIPG
DNAJC13,SNX1
DNAJC13,GADD45A
DNAJC13,SCAMP1
DNAJC13,EDRF1
DNAJC13,MLF1
DNAJC13,SLC39A9
DNAJC13,TMEM9B
DNAJC13,SNAP29
DNAJC13,RAB3D
DNAJC13,MANBA
DNAJC13,TMEM30A
DNAJC13,RAP1B
DNAJC13,MAGT1
DNAJC13,LAMTOR1
DNAJC13,PSEN1
DNAJC13,LPCAT1
DNAJC13,GAK
DNAJC13,NFAM1
DNAJC13,PRCP
DNAJC13,VNN1
DNAJC13,GAA
DNAJC13,VPS29
DNAJC13,STOM
DNAJC13,SURF4
DNAJC13,RAB44
DNAJC13,RAB5C
DNAJC13,VPS35
DNAJC13,PIGR
DNAJC13,GLIPR1
DNAJC13,TOM1
DNAJC13,VAMP8
DNAJC13,DNAJC5
DNAJC13,SYNGR1
DNAJC13,FPR1
DNAJC13,NCSTN
DNAJC13,NDUFC2
DNAJC13,LRMP
DNAJC13,PSAP
DNAJC13,LAMP1
DNAJC13,SLCO4C1
DNAJC13,RAB37
DNAJC13,TMEM179B
DNAJC13,MGST1
DNAJC13,LAMP2
DNAJC13,VAPA
DNAJC13,DNAJC6
LPCAT1,RNF4
LPCAT1,NTRK1
LPCAT1,SNAP29
LPCAT1,RAB3D
LPCAT1,MANBA
LPCAT1,TMEM30A
LPCAT1,RAP1B
LPCAT1,VAMP8
LPCAT1,NDUFC2
LPCAT1,PSEN1
LPCAT1,NFAM1
LPCAT1,STOM
LPCAT1,SURF4
LPCAT1,RAB44
LPCAT1,RAB5C
LPCAT1,PIGR
LPCAT1,SYNGR1
LPCAT1,LRMP
LPCAT1,RAB37
LPCAT1,TMEM179B
LPCAT1,MGST1
LPCAT1,MAGT1
LPCAT1,PRCP
LPCAT1,VNN1
LPCAT1,TOM1
LPCAT1,NCSTN
LPCAT1,PSAP
LPCAT1,SLCO4C1
LPCAT1,VAPA
BST2,ESR2
BST2,MGST1
BST2,CEACAM6
BST2,CMTM6
BST2,SNAP29
BST2,RAB3D
BST2,MANBA
BST2,TMEM30A
BST2,CEACAM8
BST2,CD68
BST2,RAP1B
BST2,CPNE1
BST2,DDOST
BST2,MAGT1
BST2,C3AR1
BST2,LAMTOR1
BST2,DNAJC13
BST2,PSEN1
BST2,CD63
BST2,LPCAT1
BST2,NFAM1
BST2,PRCP
BST2,VNN1
BST2,GAA
BST2,STOM
BST2,SURF4
BST2,RAB44
BST2,RAB5C
BST2,PIGR
BST2,GLIPR1
BST2,TOM1
BST2,VAMP8
BST2,DNAJC5
BST2,CKAP4
BST2,SYNGR1
BST2,FPR1
BST2,NCSTN
BST2,NDUFC2
BST2,LRMP
BST2,PSAP
BST2,LAMP1
BST2,SLCO4C1
BST2,RAB37
BST2,TMEM179B
BST2,CPNE3
BST2,LAMP2
BST2,VAPA
KIAA1429,SURF4
KIAA1429,LGALS3BP
KIAA1429,MYC
KIAA1429,MB21D1
KIAA1429,NTRK1
KIAA1429,NPM1
KIAA1429,KIAA1429
KIAA1429,NMT1
KIAA1429,VAPA
KIAA1429,LAMP1
KIAA1429,RNF4
KIAA1429,LGR4
KIAA1429,MGST1
KIAA1429,TMEM30A
KIAA1429,LPCAT1
LAMP2,LAMP2
LAMP2,NPM1
LAMP2,NCSTN
LAMP2,VPS35
LAMP2,RNF4
LAMP2,SNAP29
LAMP2,RAB3D
LAMP2,MANBA
LAMP2,TMEM30A
LAMP2,RAP1B
LAMP2,VAMP8
LAMP2,LAMTOR1
LAMP2,NDUFC2
LAMP2,LPCAT1
LAMP2,STOM
LAMP2,SLCO4C1
LAMP2,PSEN1
LAMP2,SYNGR1
LAMP2,NFAM1
LAMP2,TMEM179B
LAMP2,VAPA
LAMP2,LRMP
LAMP2,PIGR
LAMP2,MAGT1
LAMP2,VNN1
LAMP2,SURF4
LAMP2,RAB37
LAMP2,PRCP
LAMP2,PSAP
LAMP2,MGST1
LAMP2,RAB44
LAMP2,RAB5C
LAMP2,TOM1
CMTM6,GLIPR1
CMTM6,CPNE1
CMTM6,DDOST
CMTM6,MAGT1
CMTM6,RAB44
CMTM6,LAMTOR1
CMTM6,DNAJC13
CMTM6,PSEN1
CMTM6,RAB5C
CMTM6,LPCAT1
CMTM6,SCAMP1
CMTM6,TMEM30A
CMTM6,PIGR
CMTM6,NFAM1
CMTM6,MANBA
CMTM6,PRCP
CMTM6,VNN1
CMTM6,TOM1
CMTM6,GAA
CMTM6,VAMP8
CMTM6,STOM
CMTM6,DNAJC5
CMTM6,SYNGR1
CMTM6,FPR1
CMTM6,RAB3D
CMTM6,NCSTN
CMTM6,NDUFC2
CMTM6,LRMP
CMTM6,SNAP29
CMTM6,PSAP
CMTM6,LAMP1
CMTM6,SLCO4C1
CMTM6,RAB37
CMTM6,TMEM179B
CMTM6,RAP1B
CMTM6,MGST1
CMTM6,CPNE3
CMTM6,SURF4
CMTM6,LAMP2
CMTM6,VAPA
EDRF1,HSPBP1
EDRF1,MLF1
EDRF1,IRF2BP1
EDRF1,HSPA8
EDRF1,GAK
EDRF1,TBCE
EDRF1,NMT1
ATP6V1A,STOM
ATP6V1A,KIAA1429
ATP6V1A,DDOST
ATP6V1A,NTRK1
ATP6V1A,ATP6V1B1
ATP6V1A,VAPA
ATP6V1A,HDAC2
ATP6V1A,CUL3
ATP6V1A,RAB5C
ATP6V1A,ESR2
ATP6V1A,HNRNPL
ATP6V1A,DNAJC13
ATP6V1A,LAMTOR1
ABCA13,CUL3
ABCA13,CLK1
ABCA13,CEACAM6
ABCA13,CMTM6
ABCA13,SNAP29
ABCA13,RAB3D
ABCA13,MANBA
ABCA13,TMEM30A
ABCA13,CEACAM8
ABCA13,CD68
ABCA13,RAP1B
ABCA13,BST2
ABCA13,DNAJC13
ABCA13,VAMP8
ABCA13,GLIPR1
ABCA13,ARL8A
ABCA13,LAMTOR1
ABCA13,NDUFC2
ABCA13,LPCAT1
ABCA13,STOM
ABCA13,NCSTN
ABCA13,BRI3
ABCA13,C3AR1
ABCA13,GAA
ABCA13,SLCO4C1
ABCA13,CPNE1
ABCA13,ATP11B
ABCA13,ACPP
ABCA13,PSEN1
ABCA13,ATP6V0C
ABCA13,SYNGR1
ABCA13,LAMP1
ABCA13,NFAM1
ABCA13,TMEM179B
ABCA13,VAPA
ABCA13,LRMP
ABCA13,PIGR
ABCA13,DNAJC5
ABCA13,MAGT1
ABCA13,VNN1
ABCA13,SURF4
ABCA13,CKAP4
ABCA13,B4GALT1
ABCA13,ATP8A1
ABCA13,RAB37
ABCA13,PRCP
ABCA13,PSAP
ABCA13,MGST1
ABCA13,DDOST
ABCA13,LAMP2
ABCA13,CD63
ABCA13,RAB44
ABCA13,RAB5C
ABCA13,FPR1
ABCA13,CPNE3
ABCA13,TOM1
NDUFC2,SNAP29
NDUFC2,RAB3D
NDUFC2,TMEM30A
NDUFC2,RAP1B
NDUFC2,VAMP8
NDUFC2,RAB44
NDUFC2,PSEN1
NDUFC2,RAB5C
NDUFC2,PIGR
NDUFC2,NFAM1
NDUFC2,PRCP
NDUFC2,VNN1
NDUFC2,TOM1
NDUFC2,STOM
NDUFC2,SYNGR1
NDUFC2,PSAP
NDUFC2,SLCO4C1
NDUFC2,RAB37
NDUFC2,TMEM179B
NDUFC2,SURF4
NDUFC2,VAPA
MB21D1,STOM
MB21D1,MYC
MB21D1,RAB5C
MB21D1,MB21D1
TMEM30A,VNN1
TMEM30A,TOM1
TMEM30A,VAMP8
TMEM30A,VAPA
LGR4,MANSC1
LGR4,SURF4
LGR4,LGR4
LGR4,NPM1
GAA,NTRK1
GAA,HSPA9
GAA,SNAP29
GAA,RAB3D
GAA,MANBA
GAA,TMEM30A
GAA,RAP1B
GAA,VAMP8
GAA,GLIPR1
GAA,LAMTOR1
GAA,NDUFC2
GAA,LPCAT1
GAA,STOM
GAA,NCSTN
GAA,MAGT1
GAA,PSEN1
GAA,NFAM1
GAA,PRCP
GAA,VNN1
GAA,SURF4
GAA,RAB44
GAA,RAB5C
GAA,PIGR
GAA,TOM1
GAA,SYNGR1
GAA,LRMP
GAA,PSAP
GAA,LAMP1
GAA,SLCO4C1
GAA,RAB37
GAA,TMEM179B
GAA,MGST1
GAA,LAMP2
GAA,VAPA
RAB3D,SNAP29
RAB3D,VNN1
RAB3D,STOM
RAB3D,SURF4
RAB3D,RAB44
RAB3D,RAB5C
RAB3D,TMEM30A
RAB3D,TOM1
RAB3D,VAMP8
RAB3D,SYNGR1
RAB3D,SLCO4C1
RAB3D,TMEM179B
RAB3D,RAP1B
RAB3D,VAPA
PRCP,SNAP29
PRCP,RAB3D
PRCP,TMEM30A
PRCP,RAP1B
PRCP,VAMP8
PRCP,STOM
PRCP,SLCO4C1
PRCP,PSEN1
PRCP,SYNGR1
PRCP,TMEM179B
PRCP,VAPA
PRCP,VNN1
PRCP,SURF4
PRCP,RAB37
PRCP,RAB44
PRCP,RAB5C
PRCP,TOM1
PRCP,PSAP
FPR1,SNAP29
FPR1,RAB3D
FPR1,MANBA
FPR1,TMEM30A
FPR1,RAP1B
FPR1,VAMP8
FPR1,GLIPR1
FPR1,LAMTOR1
FPR1,NDUFC2
FPR1,LPCAT1
FPR1,STOM
FPR1,NCSTN
FPR1,GAA
FPR1,SLCO4C1
FPR1,PSEN1
FPR1,SYNGR1
FPR1,LAMP1
FPR1,NFAM1
FPR1,TMEM179B
FPR1,VAPA
FPR1,LRMP
FPR1,PIGR
FPR1,MAGT1
FPR1,VNN1
FPR1,SURF4
FPR1,RAB37
FPR1,PRCP
FPR1,PSAP
FPR1,MGST1
FPR1,LAMP2
FPR1,TOM1
FPR1,RAB5C
FPR1,RAB44
CEACAM6,ESR2
CEACAM6,CEACAM8
CEACAM6,CEACAM6
CEACAM6,CPNE1
CEACAM6,DDOST
CEACAM6,CMTM6
CEACAM6,MAGT1
CEACAM6,RAB44
CEACAM6,LAMTOR1
CEACAM6,DNAJC13
CEACAM6,PSEN1
CEACAM6,RAB5C
CEACAM6,LPCAT1
CEACAM6,TMEM30A
CEACAM6,PIGR
CEACAM6,NFAM1
CEACAM6,GLIPR1
CEACAM6,MANBA
CEACAM6,PRCP
CEACAM6,VNN1
CEACAM6,TOM1
CEACAM6,GAA
CEACAM6,VAMP8
CEACAM6,STOM
CEACAM6,DNAJC5
CEACAM6,CKAP4
CEACAM6,SYNGR1
CEACAM6,FPR1
CEACAM6,RAB3D
CEACAM6,NCSTN
CEACAM6,NDUFC2
CEACAM6,LRMP
CEACAM6,SNAP29
CEACAM6,PSAP
CEACAM6,LAMP1
CEACAM6,SLCO4C1
CEACAM6,RAB37
CEACAM6,TMEM179B
CEACAM6,RAP1B
CEACAM6,MGST1
CEACAM6,CPNE3
CEACAM6,SURF4
CEACAM6,LAMP2
CEACAM6,VAPA
MAGT1,RNF4
MAGT1,NCSTN
MAGT1,SNAP29
MAGT1,RAB3D
MAGT1,MANBA
MAGT1,TMEM30A
MAGT1,RAP1B
MAGT1,VAMP8
MAGT1,NDUFC2
MAGT1,STOM
MAGT1,SLCO4C1
MAGT1,PSEN1
MAGT1,SYNGR1
MAGT1,NFAM1
MAGT1,TMEM179B
MAGT1,VAPA
MAGT1,PIGR
MAGT1,PRCP
MAGT1,VNN1
MAGT1,SURF4
MAGT1,RAB44
MAGT1,RAB5C
MAGT1,TOM1
MAGT1,PSAP
MAGT1,RAB37
MAGT1,MGST1
TMEM179B,TMEM30A
TMEM179B,VAMP8
TMEM179B,VNN1
TMEM179B,TOM1
TMEM179B,VAPA
NOP9,RNF4
NOP9,SURF4
C3AR1,CKAP4
C3AR1,CEACAM6
C3AR1,CMTM6
C3AR1,SNAP29
C3AR1,RAB3D
C3AR1,MANBA
C3AR1,TMEM30A
C3AR1,CEACAM8
C3AR1,CD68
C3AR1,RAP1B
C3AR1,DNAJC13
C3AR1,VAMP8
C3AR1,GLIPR1
C3AR1,LAMTOR1
C3AR1,NDUFC2
C3AR1,LPCAT1
C3AR1,STOM
C3AR1,NCSTN
C3AR1,CPNE1
C3AR1,DDOST
C3AR1,MAGT1
C3AR1,PSEN1
C3AR1,CD63
C3AR1,SCAMP1
C3AR1,NFAM1
C3AR1,PRCP
C3AR1,VNN1
C3AR1,GAA
C3AR1,SURF4
C3AR1,RAB44
C3AR1,RAB5C
C3AR1,PIGR
C3AR1,TOM1
C3AR1,DNAJC5
C3AR1,SYNGR1
C3AR1,FPR1
C3AR1,LRMP
C3AR1,PSAP
C3AR1,LAMP1
C3AR1,SLCO4C1
C3AR1,RAB37
C3AR1,TMEM179B
C3AR1,MGST1
C3AR1,CPNE3
C3AR1,LAMP2
C3AR1,VAPA
ATP8A1,KIAA1429
ATP8A1,TMEM30A
ATP8A1,CEACAM6
ATP8A1,CMTM6
ATP8A1,SNAP29
ATP8A1,RAB3D
ATP8A1,MANBA
ATP8A1,CEACAM8
ATP8A1,CD68
ATP8A1,RAP1B
ATP8A1,BST2
ATP8A1,DNAJC13
ATP8A1,VAMP8
ATP8A1,GLIPR1
ATP8A1,LAMTOR1
ATP8A1,NDUFC2
ATP8A1,LPCAT1
ATP8A1,STOM
ATP8A1,NCSTN
ATP8A1,BRI3
ATP8A1,C3AR1
ATP8A1,GAA
ATP8A1,SLCO4C1
ATP8A1,CPNE1
ATP8A1,PSEN1
ATP8A1,SYNGR1
ATP8A1,LAMP1
ATP8A1,NFAM1
ATP8A1,TMEM179B
ATP8A1,VAPA
ATP8A1,LRMP
ATP8A1,PIGR
ATP8A1,DNAJC5
ATP8A1,MAGT1
ATP8A1,VNN1
ATP8A1,SURF4
ATP8A1,CKAP4
ATP8A1,B4GALT1
ATP8A1,CD63
ATP8A1,SCAMP1
ATP8A1,RAB44
ATP8A1,RAB5C
ATP8A1,FPR1
ATP8A1,RAB37
ATP8A1,MGST1
ATP8A1,CPNE3
ATP8A1,LAMP2
ATP8A1,DDOST
ATP8A1,PRCP
ATP8A1,TOM1
ATP8A1,PSAP
ATP11B,TMEM30A
ATP11B,HNRNPL
ATP11B,CEACAM6
ATP11B,CMTM6
ATP11B,SNAP29
ATP11B,RAB3D
ATP11B,MANBA
ATP11B,CEACAM8
ATP11B,CD68
ATP11B,RAP1B
ATP11B,BST2
ATP11B,DNAJC13
ATP11B,VAMP8
ATP11B,GLIPR1
ATP11B,LAMTOR1
ATP11B,NDUFC2
ATP11B,LPCAT1
ATP11B,STOM
ATP11B,NCSTN
ATP11B,BRI3
ATP11B,C3AR1
ATP11B,GAA
ATP11B,SLCO4C1
ATP11B,CPNE1
ATP11B,PSEN1
ATP11B,CD63
ATP11B,NFAM1
ATP11B,SURF4
ATP11B,RAB44
ATP11B,RAB5C
ATP11B,PIGR
ATP11B,B4GALT1
ATP11B,CKAP4
ATP11B,SYNGR1
ATP11B,FPR1
ATP11B,LRMP
ATP11B,RAB37
ATP11B,TMEM179B
ATP11B,MGST1
ATP11B,CPNE3
ATP11B,LAMP2
ATP11B,DDOST
ATP11B,MAGT1
ATP11B,ATP8A1
ATP11B,PRCP
ATP11B,VNN1
ATP11B,TOM1
ATP11B,DNAJC5
ATP11B,ATP6V0C
ATP11B,PSAP
ATP11B,LAMP1
ATP11B,VAPA
DCPS,LRIF1
DCPS,DCPS
DCPS,DNAJC13
DCPS,MB21D1
DCPS,NTRK1
DCPS,HDAC2
CD68,CEACAM6
CD68,CMTM6
CD68,SNAP29
CD68,RAB3D
CD68,MANBA
CD68,TMEM30A
CD68,CEACAM8
CD68,PSEN1
CD68,NFAM1
CD68,GAA
CD68,STOM
CD68,SURF4
CD68,RAB44
CD68,RAB5C
CD68,PIGR
CD68,VAMP8
CD68,CKAP4
CD68,SYNGR1
CD68,FPR1
CD68,LRMP
CD68,RAB37
CD68,TMEM179B
CD68,RAP1B
CD68,MGST1
CD68,CPNE3
CD68,LAMP2
CD68,CPNE1
CD68,DDOST
CD68,MAGT1
CD68,LAMTOR1
CD68,DNAJC13
CD68,LPCAT1
CD68,PRCP
CD68,VNN1
CD68,GLIPR1
CD68,TOM1
CD68,DNAJC5
CD68,NCSTN
CD68,NDUFC2
CD68,PSAP
CD68,LAMP1
CD68,SLCO4C1
CD68,VAPA
MGST1,RAB5C
MGST1,RNF4
MGST1,VAPA
MGST1,SNAP29
MGST1,RAB3D
MGST1,TMEM30A
MGST1,RAP1B
MGST1,VAMP8
MGST1,NDUFC2
MGST1,STOM
MGST1,NCSTN
MGST1,SLCO4C1
MGST1,PSEN1
MGST1,SYNGR1
MGST1,NFAM1
MGST1,TMEM179B
MGST1,PIGR
MGST1,VNN1
MGST1,SURF4
MGST1,RAB37
MGST1,PRCP
MGST1,PSAP
MGST1,RAB44
MGST1,TOM1
MANBA,SNAP29
MANBA,RAB3D
MANBA,PSEN1
MANBA,NFAM1
MANBA,PRCP
MANBA,VNN1
MANBA,STOM
MANBA,SURF4
MANBA,RAB44
MANBA,RAB5C
MANBA,TMEM30A
MANBA,PIGR
MANBA,TOM1
MANBA,VAMP8
MANBA,SYNGR1
MANBA,NCSTN
MANBA,NDUFC2
MANBA,PSAP
MANBA,SLCO4C1
MANBA,RAB37
MANBA,TMEM179B
MANBA,RAP1B
MANBA,MGST1
MANBA,VAPA
SLCO4C1,SNAP29
SLCO4C1,TMEM30A
SLCO4C1,VAMP8
SLCO4C1,STOM
SLCO4C1,VNN1
SLCO4C1,SURF4
SLCO4C1,TOM1
SLCO4C1,SYNGR1
SLCO4C1,TMEM179B
SLCO4C1,VAPA
BRI3,CEACAM6
BRI3,CMTM6
BRI3,SNAP29
BRI3,RAB3D
BRI3,MANBA
BRI3,TMEM30A
BRI3,CEACAM8
BRI3,CD68
BRI3,RAP1B
BRI3,BST2
BRI3,DNAJC13
BRI3,VAMP8
BRI3,GLIPR1
BRI3,LAMTOR1
BRI3,NDUFC2
BRI3,LPCAT1
BRI3,STOM
BRI3,NCSTN
BRI3,PRCP
BRI3,VNN1
BRI3,CPNE1
BRI3,CD63
BRI3,TOM1
BRI3,DDOST
BRI3,LRMP
BRI3,GAA
BRI3,MAGT1
BRI3,PSAP
BRI3,LAMP1
BRI3,DNAJC5
BRI3,CKAP4
BRI3,SLCO4C1
BRI3,C3AR1
BRI3,RAB37
BRI3,PIGR
BRI3,RAB44
BRI3,SYNGR1
BRI3,TMEM179B
BRI3,MGST1
BRI3,NFAM1
BRI3,CPNE3
BRI3,SURF4
BRI3,FPR1
BRI3,LAMP2
BRI3,PSEN1
BRI3,RAB5C
BRI3,VAPA
ARL8A,ESR2
ARL8A,RAB5C
ARL8A,KIAA1429
ARL8A,LIPG
ARL8A,CEACAM6
ARL8A,CMTM6
ARL8A,SNAP29
ARL8A,RAB3D
ARL8A,MANBA
ARL8A,TMEM30A
ARL8A,CEACAM8
ARL8A,CD68
ARL8A,RAP1B
ARL8A,BST2
ARL8A,DNAJC13
ARL8A,VAMP8
ARL8A,GLIPR1
ARL8A,PSEN1
ARL8A,CD63
ARL8A,NFAM1
ARL8A,GAA
ARL8A,STOM
ARL8A,SURF4
ARL8A,RAB44
ARL8A,PIGR
ARL8A,B4GALT1
ARL8A,ATP11B
ARL8A,CKAP4
ARL8A,SYNGR1
ARL8A,FPR1
ARL8A,LRMP
ARL8A,RAB37
ARL8A,TMEM179B
ARL8A,MGST1
ARL8A,CPNE3
ARL8A,LAMP2
ARL8A,CPNE1
ARL8A,DDOST
ARL8A,MAGT1
ARL8A,C3AR1
ARL8A,LAMTOR1
ARL8A,LPCAT1
ARL8A,ATP8A1
ARL8A,PRCP
ARL8A,VNN1
ARL8A,TOM1
ARL8A,DNAJC5
ARL8A,NCSTN
ARL8A,NDUFC2
ARL8A,ATP6V0C
ARL8A,PSAP
ARL8A,LAMP1
ARL8A,SLCO4C1
ARL8A,BRI3
ARL8A,VAPA
SYNGR1,TMEM30A
SYNGR1,VAMP8
SYNGR1,VNN1
SYNGR1,TOM1
SYNGR1,TMEM179B
SYNGR1,VAPA
NFAM1,SNAP29
NFAM1,RAB3D
NFAM1,TMEM30A
NFAM1,RAP1B
NFAM1,VAMP8
NFAM1,STOM
NFAM1,SLCO4C1
NFAM1,PSEN1
NFAM1,SYNGR1
NFAM1,RAB44
NFAM1,RAB5C
NFAM1,PIGR
NFAM1,PRCP
NFAM1,VNN1
NFAM1,TOM1
NFAM1,PSAP
NFAM1,RAB37
NFAM1,TMEM179B
NFAM1,SURF4
NFAM1,VAPA
GLIPR1,HSPA8
GLIPR1,RNF4
GLIPR1,SNAP29
GLIPR1,RAB3D
GLIPR1,MANBA
GLIPR1,TMEM30A
GLIPR1,RAP1B
GLIPR1,VAMP8
GLIPR1,MAGT1
GLIPR1,LAMTOR1
GLIPR1,PSEN1
GLIPR1,LPCAT1
GLIPR1,NFAM1
GLIPR1,PRCP
GLIPR1,VNN1
GLIPR1,STOM
GLIPR1,SURF4
GLIPR1,RAB44
GLIPR1,RAB5C
GLIPR1,PIGR
GLIPR1,TOM1
GLIPR1,SYNGR1
GLIPR1,NCSTN
GLIPR1,NDUFC2
GLIPR1,LRMP
GLIPR1,PSAP
GLIPR1,LAMP1
GLIPR1,SLCO4C1
GLIPR1,RAB37
GLIPR1,TMEM179B
GLIPR1,MGST1
GLIPR1,LAMP2
GLIPR1,VAPA
C1orf168,MLF1
C1orf168,NMT1
C1orf168,EDRF1
C1orf168,DNAJC13
C1orf168,TBCE
C1orf168,IRF2BP1
RAB44,SNAP29
RAB44,TMEM30A
RAB44,RAP1B
RAB44,VAMP8
RAB44,STOM
RAB44,SLCO4C1
RAB44,SYNGR1
RAB44,TMEM179B
RAB44,VAPA
RAB44,VNN1
RAB44,SURF4
RAB44,TOM1
RAB44,RAB5C
RAB44,SCAMP1
